{"cameraMode":{"drawMode":0,"name":"Shaded","section":"Shading Mode"},"sceneLighting":false,"audioPlay":false,"sceneViewState":{"m_AlwaysRefresh":false,"showFog":true,"showSkybox":true,"showFlares":true,"showImageEffects":true,"showParticleSystems":true,"showVisualEffectGraphs":true,"m_FxEnabled":true},"in2DMode":false,"pivot":{"x":181.1846160888672,"y":79.70317077636719,"z":-200.85365295410157},"rotation":{"x":0.10541973263025284,"y":-0.3416670858860016,"z":0.038597024977207187,"w":0.9331005811691284},"size":104.67779541015625,"orthographic":true}